"('Saletti Spaghetti!', 1)","('De Globi als Lehrer', 2)","('E überflüssigi Erfindig', 3)","('Hüt isch Schuelreis', 4)","('De Schuelreise-Song - Lied', 5)","('Im Sauriermuseum', 6)","('En Superspannende Reiseplan', 7)","('Em Tschieri sin Brunne isch kaputt', 8)","(""S' gaat wiiter mit Em Tschieri sin Brunne isch kaputt"", 9)","('De Fürscht Globi vo Liechteschtei', 10)","(""S' Lied vo de Windrose"", 11)","('Em Federico Rigatoni sini feine Ravioli', 12)","(""D' Tier-Konferänz bim Löie-König Nobel"", 13)","(""S' Chlage-Lied vo de Tier"", 14)","(""D' Gepäck-Sortieraalaag spukt"", 15)","(""S' gaat wiiter mit D' Gepäck-Sortieraalaag spukt"", 16)","('I de Skymetro', 17)","(""S' Flüüger-Lied"", 18)","(""S' Gaschtspiil im Cockpit"", 19)","('En Super-Füürwehr-Iisatz', 20)","('Tschüss mitenand', 21)"
"(""S' Yak-Lied - Lied, Opening"", 1)","('Die erscht Begägnig', 2)","(""S' gaat wiiter mit Die erscht Begägnig"", 3)","(""D' Aakunft in Tibet"", 4)","(""D' Oma Pema hilft"", 5)","('Underwägs im Himalaya', 6)","(""S' gaat wiiter mit Underwägs im Himalaya"", 7)","('Uf Bsuech im Chloschter', 8)","(""S' Tibetisch Alphorn"", 9)","('De Klatsch-Wettbewerb', 10)","(""D' Flucht vor em Geissbock"", 11)","('Es gspässigs Brot', 12)","(""S' gaat wiiter mit Es gspässigs Brot"", 13)","(""S' Yak-Lied"", 14)","('De Yaki weiss Rat', 15)","('En fürchterliche Schneesturm', 16)","('Zum Glück nur en Traum', 17)","('Danke chliine Tibi', 18)","('Tschüss Tibet', 19)","('Alles isch wider guet', 20)","(""S' Yak-Lied Ende - Lied, Ende"", 21)","(""S' Lied vo de Windrose - Lied, Bonus"", 22)","(""S' Yak-Lied - Lied, ganze Version"", 23)"
"('Lago Mio!', 1)","('Aakunft im Europa-Park', 2)","(""D' begägnig mit em Geischterfräulein Gisela"", 3)","(""S' gaat wiiter mit D' begägnig mit em Geischterfräulein Gisela"", 4)","('En Traum wird wahr', 5)","('Verusse pfuuse bim Jacques', 6)","('Mer sött Sprache chönne! - Lied', 7)","('Am Pferderänne', 8)","('Gschwind wie de Wind', 9)","('Eleige chunnt mer halb so wiit - Lied', 10)","(""S' Tagebuech vom Käpt'n Globey"", 11)","(""S' gaat wiiter mit S' Tagebuech vom Käpt'n Globey"", 12)","('De Pirate Song - Lied', 13)","(""Na mee vo S' Tagebuech vom Käpt'n Globey"", 14)","(""D' Riiseschildchrott James"", 15)","('Glücklich zrugg im Stedtli', 16)"
"('Seemanns-Lied - Lied Intro', 1)","('En Schärbe-Huufe', 2)","(""S' gaat wiiter mit En Schärbe-Huufe"", 3)","('En neue Fründ', 4)","(""S' gaat wiiter mit En neue Fründ"", 5)","('De Robinson Globi', 6)","('En Möwe-Zmorge', 7)","('De Schwertfisch bruucht Hilf', 8)","('Uf grossi Fahrt', 9)","('En gwaltige Sturm', 10)","('Seemanns-Lied', 11)","('De Tüüfsee-Forscher Kevin', 12)","('I de Underwasser-Wält', 13)","(""S' gaat wiiter mit I de Underwasser-Wält"", 14)","('E Muschle wo cha rede', 15)","(""S' gaat wiiter mit E Muschle wo cha rede"", 16)","('Achtung! Walfisch-Jäger', 17)","(""S' gaat wiiter mit Achtung! Walfisch-Jäger"", 18)","(""D' Muschle isch wider da"", 19)","('Seemanns-Lied - Lied Reprise', 20)","('Em James sis Lied - Lied Bonus', 21)"
"('Post-Lied - Intro', 1)","('Praktisch poschte', 2)","('E neui Fründschaft - Im Post-Zentrum', 3)","('Achtibahn', 4)","('Am Post-Schalter', 5)","('Danke, liebe Pöstler', 6)","(""S' gaat wiiter mit Danke, liebe Pöstler"", 7)","('Es pressiert', 8)","(""S' gaat wiiter mit Es pressiert"", 9)","('Glück gha', 10)","('Post-Lied', 11)","('Guete Appetit', 12)","('De Handy-Retter', 13)","('Spezial-Service', 14)","('Füürio - Es brännt', 15)","('E zündendi Idee', 16)","('De Päckli-Bärg', 17)","('Schöni Wiehnacht', 18)","('Post-Lied - Reprise', 19)","('Eleige chunnt mer halb so wiit - Bonus-Lied', 20)"
"('Globi and Roger - Opening Version', 1)","('Was für en Zuefall', 2)","(""S' gaat wiiter mit Was für en Zuefall"", 3)","('Zum Glück e Verwächslig', 4)","('Globi and Roger - Underscore Version', 5)","('Die erscht Tennis-Lektion', 6)","('Globi and Roger - Chillout Version', 7)","('Mit em Roger uf Wimbledon', 8)","(""S' gaat wiiter mit Mit em Roger uf Wimbledon"", 9)","('Intermezzo am Airport', 10)","('Willkomme in London', 11)","('Vorsicht: Linksverkehr', 12)","('Es gspässigs Training', 13)","('Showtime im Centre Court', 14)","('Globi and Roger - Alternative Version', 15)","(""S' gaat wiiter mit Showtime im Centre Court"", 16)","('E ghüüsleti Pokal-Übergab', 17)","('Aakunft in Sambia', 18)","('E glücklichi Autopanne', 19)","('En afrikanische Schuelbsuech', 20)","('Zrugg in Winter', 21)","('Globi and Roger - Outro Version', 22)","('Danke, liebi ETH! - Version 2021', 23)","('Italianità - Version 2021', 24)","(""S' Chliinscht isch plötzli riisegross - Version 2021"", 25)","(""S' Zoo-Lied - Version 2021"", 26)","('Spital-Song - Version 2021', 27)"
"(""Aakunft z' Adelbode"", 1)","(""S'gaat wiiter mit Aakunft z' Adelbode"", 2)","('De Senn Erich bruucht Hilf', 3)","('Zrugg im Dorf', 4)","('Alpuufzug', 5)","(""S' Läbe uf de Alp - Lied"", 6)","('En fatale Unfall', 7)","('De Rega-Iisatz', 8)","('En schöne Chääs', 9)","('Es Chälbli wird vermisst', 10)","('Älpler-Chilbi', 11)","('En fuule Bschiss', 12)","(""D' Flora isch chrank"", 13)","('Hilf vom Vogel-Lisi', 14)","('De Adler Chrigel', 15)","('De Erich isch wider gsund', 16)","('E tolli Belohnig', 17)","(""S' Alpe-Reiselied - Lied"", 18)","(""S' Lied vo de Windrose - Lied"", 19)"
"('En tumme Unfall', 1)","(""S' gaat wiiter mit En tumme Unfall"", 2)","('Uf de Notfallstation lauft öppis', 3)","(""S' gaat wiiter mit Uf de Notfallstation lauft öppis"", 4)","('Na mee vo Uf de Notfallstation lauft öppis', 5)","('Spurlos verschwunde', 6)","(""S' gaat wiiter mit Spurlos verschwunde"", 7)","('Na mee vo Spurlos verschwunde', 8)","('Gueti Besserig us de Luft', 9)","(""S' gaat wiiter mit Gueti Besserig us de Luft"", 10)","('Spital-Song - Lied', 11)","('En komische Poschti-Zäddel', 12)","('Süessi Unfall-Folge', 13)","('Züglete is Pflegezentrum', 14)","('Bald wider gsund', 15)","('E stolperfreii Wohnig', 16)","('Äntli wider diheime', 17)","('Spitex chunnt cho hälfe', 18)","('Spital-Song - Reprise', 19)","(""S' Mitenand Lied - Lied"", 20)"
"(""S' gross Abentüür fangt aa"", 1)","('De Nic isch en Glünggi', 2)","(""D' Lupa nimmt d' Verfolgig uuf"", 3)","('Uf de Suechi nach de Lupa', 4)","('Uf Bsuech im Chasperlitheater', 5)","('Buon appetito!', 6)","('Italianità - Lied', 7)","(""S' gaat wiiter mit Buon appetito!"", 8)","('Iigsperrt im Kolosseum', 9)","('Mit de Vespa underwägs', 10)","(""S' gaat wiiter mit Mit de Vespa underwägs"", 11)","('Na mee vo Mit de Vespa underwägs', 12)","('Em Papst sis Gheimnis', 13)","(""S' gaat wiiter mit Em Papst sis Gheimnis"", 14)","('Adiö Schwizer Garde', 15)","('Mit em Fuessball-Club underwägs', 16)","('De Nic wird gschnappet', 17)","('Strandferie zur Belohnig', 18)","('Italianità - Lied Reprise', 19)","('Hollywood-Song - Lied', 20)","('Reiselied - Lied', 21)"
"('E unerwarteti Bekanntschaft', 1)","(""S' gaat wiiter mit E unerwarteti Bekanntschaft"", 2)","('De Storch wird undersuecht', 3)","('De neui Ehremitarbeiter', 4)","('En Blick is Aquarie-Huus', 5)","(""D' Ruth klärt uf"", 6)","('De Adebar häd en Überaschig parat!', 7)","('Wem ghört ächt das Ei', 8)","(""S' Zoo-Lied - Lied Edit"", 9)","('En Abstächer in Zoo-Lade', 10)","('Vom Pfilgift-Frosch vergiftet', 11)","('De Retter Frank', 12)","('Was isch dänn bi de Seehünd los', 13)","(""D' Fuetter-Chischtene chömed ufs Laschtwägeli"", 14)","(""S' Heidi macht es Bäre-Glacé"", 15)","(""D' Panda händ Buuchweh"", 16)","(""De Fuchs stiehlt s' Säuli"", 17)","(""Furt ohni Adiö z' säge!"", 18)","('Pinguin-Song - Lied', 19)","(""S' Zoo-Lied"", 20)"
"('De ehrlich Finder', 1)","(""S' gaat wiiter mit De ehrlich Finder"", 2)","('En fatale Chnopfdruck', 3)","(""S' gaat wiiter mit En fatale Chnopfdruck"", 4)","(""De Flug über d' Stadt"", 5)","('De Mariechäfer Fridolin', 6)","(""S' gaat wiiter mit De Mariechäfer Fridolin"", 7)","(""S' Chliinscht isch plötzli riisegross - Lied"", 8)","('En Autounfall', 9)","(""D' Landig im Putz-Kessel"", 10)","('Im Iisebahn-Betriibs-Labor', 11)","('Uf Mählwürmli-Bsuech', 12)","(""S' gaat wiiter mit Uf Mählwürmli-Bsuech"", 13)","('E ungwöhndlichi Party', 14)","('Hallo Taxi', 15)","('De Empfang im Labor', 16)","(""D' Fiir im Auditorium"", 17)","('Danke liebi ETH! - Lied', 18)","('Em Globi sis Lied - Lied', 19)","(""S' Mitenand Lied - Lied"", 20)"
"('Schuelreis-Lied', 1)","('De Instrumänte-Song', 2)","('De Fernseh-Song', 3)","('De Pirate-Song', 4)","('Em James sis Lied', 5)","('Räuber und Poli', 6)","(""S' Lied vo de Feriechind"", 7)","(""S' Lied vo de Tier"", 8)","(""S' Flüüger-Lied"", 9)","('Em Globi sis Lied', 10)","(""D' Erde cha nur schöner werde"", 11)","('Tschau Globi!', 12)"
"('En Bank-Überfall', 1)","(""S' gaat wiiter mit En Bank-Überfall"", 2)","(""S' Gold isch weg"", 3)","('De chlii Hilfs-Detektiv', 4)","('Räuber und Poli-Lied - Lied Edit', 5)","('Bsuech uf de Hauptwach', 6)","(""S' gaat wiiter mit Bsuech uf de Hauptwach"", 7)","('En wichtige Züüge', 8)","('E interessanti Spur', 9)","(""S' Huus wird beschattet"", 10)","(""D' Gauner werded gschnappt"", 11)","('Wiit und breit kei Gold', 12)","(""S' Verhör"", 13)","('Guet kombiniert', 14)","('Was isch dann da los?', 15)","('Zwee dicki Fisch a dr Angle', 16)","('Bäsetanz - Lied', 17)","('Räuber und Poli-Lied', 18)"
"(""D' China-Uusstellig"", 1)","(""S' gaat wiiter mit D' China-Uusstellig"", 2)","('De chlii Drache', 3)","('Die erscht gföhrlich Begägnig', 4)","(""S' gaat wiiter mit Die erscht gföhrlich Begägnig"", 5)","('Bsuech bim Ma und de Fei', 6)","(""S' gaat wiiter mit Bsuech bim Ma und de Fei"", 7)","('Em Globi sis Lied - Lied', 8)","(""D' Rettig vom Ming"", 9)","(""S' gaat wiiter mit D' Rettig vom Ming"", 10)","('De Grille-Boxkampf', 11)","('I de Händ vo Bandite', 12)","(""S' gaat wiiter mit I de Händ vo Bandite"", 13)","('Audienz bim Kaiser', 14)","(""D' Prinzessin Yue hilft"", 15)","(""S' gaat wiiter mit D' Prinzessin Yue hilft"", 16)","(""D' Befreiig vom Siao"", 17)","('Fascht am Ziel', 18)","(""S' Museum häd Fiirabig"", 19)","(""Nur wenn's guet isch, dörf mer laufe - Lied"", 20)","(""S' Lied vo de Feriechind - Lied"", 21)","('Tschau Globi! - Lied', 22)"
"('Doch na en spannende Abig', 1)","('De Globi findt oppis Gspässigs', 2)","('En neue Fründ', 3)","('I de Wärchstatt vom Roger', 4)","('Ab is Wältall', 5)","(""D' Reis uf Planezie"", 6)","(""Globi und d' Grille Zirp"", 7)","('De Hummel-Flug', 8)","(""D' Erde cha nur schöner werde - Lied"", 9)","(""S' gaat wiiter mit De Hummel-Flug"", 10)","(""D' Riese-Spinne Tarantello"", 11)","('I de Hauptstadt', 12)","(""S' gaat wiiter mit I de Hauptstadt"", 13)","(""D' Schnägge-Schuel"", 14)","('En komische Zmittag', 15)","('Heiweh nach dr Erde', 16)","('Tschau Globi Song - Lied', 17)","('Ahoi - Lied', 18)","('Isebahnfahre - Lied', 19)"
"('Es isch Määrt', 1)","(""S' gaat wiiter mit Es isch Määrt"", 2)","('Em Otti sin Puurehof', 3)","(""De Otti gaat uf d' Reis"", 4)","('De Hof wird renoviert', 5)","(""S' Lied vo de Tier - Lied"", 6)","('E vierbeinigi Mähmaschine', 7)","(""D' Fuetter-Rutschbahn"", 8)","(""S' bescht Mittel gäge Chemie"", 9)","('Scho wider e Glanz-Idee', 10)","('Ferie uf em Bio-Hof', 11)","(""S' Lied vo de Ferie-Chind - Lied"", 12)","('De Puur Ott chunnt wider hei', 13)","(""S' Susi übernimmt de Hof"", 14)","('De Spatze-Choral - Lied', 15)"
"('E gstörti Direkt-Überträgig', 1)","(""S' gaat wiiter mit E gstörti Direkt-Überträgig"", 2)","('En früntliche Empfang', 3)","(""S' gaat wiiter mit En früntliche Empfang"", 4)","('Was sind Requisite?', 5)","('En Bsuech i de Kostüm-Abteilig', 6)","(""Jetz git's Stimmig"", 7)","('De Fernseh-Song - Lied', 8)","('Gäscht uf em Meteo-Dach', 9)","(""S' gaat wiiter mit Gäscht uf em Meteo-Dach"", 10)","('De Globi wird Fernseh-Mitarbeiter', 11)","('De erscht gross Iisatz', 12)","(""S' gaat wiiter mit De erscht gross Iisatz"", 13)","(""S' Steibock-Abentüür uf de Chäsli-Alp"", 14)","('E perfäkti Rettig', 15)","(""D' Chäsli-Alp Reportage"", 16)","('Us em Krimi wird en Krimi', 17)","('De Globi dörf moderiere', 18)","(""S' Schuel-Orchester spillt uf"", 19)","('Globi wird Fernseh-Chinder-Botschafter', 20)","('De Fernseh Song - Lied', 21)","('Hollywood-Song - Lied', 22)","(""S' isch lässig, Sportreporter z' si - Lied"", 23)"
"(""S' Tagebuech vom Käpt'n Globey"", 1)","(""S' gaat wiiter mit S' Tagebuech vom Käpt'n Globey"", 2)","(""S' Abetüür gaat los"", 3)","(""S' gaat wiiter mit S' Abetüür gaat los"", 4)","(""Im Museum z' Mahé"", 5)","('Eifach isch nöd immer eifach', 6)","(""D' Pirate chlaued de Schatzplan"", 7)","('De Piratesong - Lied Edit', 8)","(""S' gaat wiiter mit D' Pirate chlaued de Schatzplan"", 9)","('Wiiters uf Schatz-Suechi', 10)","(""D' Riiseschildchrott James"", 11)","('Em James sis Lied - Lied', 12)","(""S' gaat wiiter mit D' Riiseschildchrott James"", 13)","('De James lüftet sis Gheimnis', 14)","(""D' Schatzchammere isch läär"", 15)","('Churz vor em Ziel', 16)","(""S' gaat wiiter mit Churz vor em Ziel"", 17)","('En guet versteckte Schatz', 18)","(""De Lars chann's chuum glaube"", 19)","('Glücklich zrugg im Stedtli', 20)","('De Piratesong - Lied', 21)"
"('Fascht en langwiilige Morge', 1)","('De Globi wird Hilfs-Abwart', 2)","('Die erschte Heldetate', 3)","(""S' gaat wiiter mit Die erschte Heldetate"", 4)","(""Alli Händ voll z' tue"", 5)","('De Globi als Lehrer', 6)","(""S' gaat wiiter mit De Globi als Lehrer"", 7)","('Es nöis Musig-Inschtrumänt', 8)","(""S' Inschtrumäntelied - Lied"", 9)","('Bim Schuel-Zahni', 10)","('En Guete', 11)","('E überflüssigi Erfindig', 12)","(""S' gaat wiiter mit E überflüssigi Erfindig"", 13)","(""S' Söifechischte-Ränne"", 14)","(""S' Rezäpt zum besser leere"", 15)","('E gspässigi Computer-Panne', 16)","('Hüt isch Schuelreis', 17)","('De Schuelreisesong - Lied', 18)","(""S' gaat wiiter mit Hüt isch Schuelreis"", 19)","('Zum Schluss es Diplom', 20)","('Mer sött Sprache chöne! - Lied', 21)"
"(""D' Aakunft us Brasilie"", 1)","(""S' Äffli chunnt en Name über"", 2)","(""D' Gepäck-Sortieraalaag spukt"", 3)","('Bi me Haar im Flüüger iigschpeert', 4)","(""S' gaat wiiter mit Bi me Haar im Flüüger iigschpeert"", 5)","('En Bsuech bi de Pflänzli-Zöllner', 6)","(""S' gaat wiiter mit En Bsuech bi de Pflänzli-Zöllner"", 7)","('Uf em Fundbüro', 8)","('I de Skymetro', 9)","(""S' Flüüger-Lied"", 10)","('En feine Dessert', 11)","('Mit em Lotti uf Paris', 12)","('Alles abgä', 13)","(""S' Gaschtspiil im Cockpit"", 14)","('De Globi als Flugverchehrsleiter', 15)","(""S' gaat wiiter mit De Globi als Flugverchehrsleiter"", 16)","('En Super-Füürwehr-Iisatz', 17)","('De Leo dörf in Zoo', 18)","('Die gross Überraschig', 19)","('Reiselied - (Abspann) - Lied', 20)","('Mir fahred uf Madagaskar - Lied', 21)"
"('Vrenelis Gärtli', 1)","('De schlau Peterli', 2)","('De König Hakon', 3)","('Es alts Müetterli', 4)","('Die gschiid Marianne', 5)","(""S' Abetüür vom Chorbflächter Hans"", 6)","(""D' Edelstei vo de Erdmanndli"", 7)","(""S' Bergmanndli vom Pilatus"", 8)","(""S' Alphorn"", 9)","(""S' gschiid Wildmanndli"", 10)","(""S' fliissig Erdmanndli"", 11)","('De schneewiiss Geissbock', 12)","('De versteineret Ritter', 13)","(""S' Wunder-Gütterli"", 14)","('De ABC-Rap vo de Höhlebewohner - Lied', 15)","(""S' Chlinscht isch plötzli riisegross - Lied"", 16)","(""S' Zwärgelied - Lied"", 17)"
"('De Gletscher schmilzt', 1)","(""S' gaat wiiter mit De Gletscher schmilzt"", 2)","('Zwee tolli Assistänte', 3)","(""S' erscht Mal z' Grönland"", 4)","('D Spezial-lis-Uuftau-Maschine', 5)","('De Appak - En nöie Fründ', 6)","('De Globi als Iglu-Architäkt', 7)","(""S' Nordpol-Lied"", 8)","(""S' Hundeschlitte-Ränne"", 9)","('E unheimlichi Begägnig', 10)","(""S' gaat wiiter mit E unheimlichi Begägnig"", 11)","(""Eis Abetüür jagt s' ander"", 12)","('Aakunft uf de Shetland-Insle', 13)","('Fascht es Unglück', 14)","(""S' Grüezi-Komitee Pingwino"", 15)","('Pinguin-Song - Lied', 16)","(""D' WUM funktioniert"", 17)","(""Zrugg i d' Heimet"", 18)","(""S' Nordpol-Lied - Lied Reprise"", 19)"
"('En Baum wo cha rede!', 1)","('Uf em Wäg is Tier-Riich', 2)","(""D' Tier-Konferänz bim Löie-König Nobel"", 3)","(""S' Chlage-Lied vo de Tier"", 4)","('De Globi im Tier-Riich', 5)","(""De Fuchs fangt aa z' Leidwärche"", 6)","(""S' gaat wiiter mit De Fuchs fangt aa z' Leidwärche"", 7)","(""De nöchscht bös' Streich"", 8)","(""S' gaat wiiter mit De nöchscht bös' Streich"", 9)","('De Spatze-Gsangs-Verein', 10)","('De Spatze-Choral - Lied', 11)","('De Hoppela als Pöschtler', 12)","('Mer cha us allem öppis mache', 13)","('De Storch wird Schniider', 14)","('E läbigi Rutschbahn', 15)","(""S' gaat wiiter mit E läbigi Rutschbahn"", 16)","('En nöie Fuetterplatz', 17)","(""S' gaat wiiter mit En nöie Fuetterplatz"", 18)","(""De Füchsli plaaged s' Krokodil"", 19)","('Bärestarchi Understützig', 20)","('Em Fuchs sin letschte Streich', 21)","('Es glücklichs Ändi', 22)","(""S' Zoo-Lied"", 23)"
"('De Zaubertrank', 1)","('En spannende Ferie-Job', 2)","('De Globi trifft de Zauberer Merlin', 3)","(""S' gaat wiiter mit De Globi trifft de Zauberer Merlin"", 4)","(""D' Rettig im letschte Momänt"", 5)","('En nöie Blasbalg für de Schmied', 6)","(""S' gaat wiiter mit En nöie Blasbalg für de Schmied"", 7)","('Em Cedric sini Trumpete', 8)","(""S' gaat wiiter mit Em Cedric sini Trumpete"", 9)","('Es gspässigs Stedtli', 10)","(""S' gaat wiiter mit Es gspässigs Stedtli"", 11)","('Es cha nöd jede König wärde', 12)","(""S' gaat wiiter mit Es cha nöd jede König wärde"", 13)","('De Artus günnt', 14)","('Wilkumme i de Anderscht-Wält', 15)","(""S' gaat wiiter mit Wilkumme i de Anderscht-Wält"", 16)","('De Ossi mag nüme singe', 17)","('Es nöis Lied für de Ossi - Lied', 18)","(""S' gaat wiiter mit Es nöis Lied für de Ossi"", 19)","(""D' Widerbegägnig mit em König Artus"", 20)","('Zrugg im Kelte-Institut', 21)","('De ABC-Rap vo de Höhlebewohner - Lied', 22)","(""S' Höhlebewohner-Lied"", 23)"
"(""S' Mitenand Lied"", 1)","('Mer sött Sprache chöne!', 2)","('Najma-Nashorn-Lied', 3)","(""S' Lied vo de Windrose"", 4)","('De Spatze-Choral', 5)","('Pinguin-Song', 6)","('Reiselied', 7)","(""S' Alpe-Reiselied"", 8)","(""S' Klagelied vo de Tier"", 9)","('Sport isch gsund', 10)","(""S' Nordpol-Lied"", 11)","('Es nöis Lied für de Ossi', 12)","(""S' Tanzlied"", 13)","(""S' Zwärgelied"", 14)","('De ABC-Rap vo de Höhlebewohner', 15)","('Eleige chunnt mer halb so wiit', 16)"
"('Es unerwartets Aagebot', 1)","('De Globi wird Tierpfläger', 2)","(""S' gaat wiiter mit De Globi wird Tierpfläger"", 3)","(""Aakunft in Nairobi, z' Kenia"", 4)","('Najma-Nashorn - Lied', 5)","('Irgendöppis stimmt nöd', 6)","(""S' gaat wiiter mit Irgendöppis stimmt nöd"", 7)","(""S' gheimnissvoll Amulett"", 8)","('Bitte echli mee Uufmerksamkeit', 9)","(""S' gaat wiiter mit Bitte echli mee Uufmerksamkeit"", 10)","('E gföhrlichi Rettig', 11)","('E pfiffigi Erfindig', 12)","('E ganz e wichtigi Begägnig', 13)","('En nöie Plan', 14)","('Uf em Nashorn-Bärg', 15)","(""S' gaat wiiter mit Uf em Nashorn-Bärg"", 16)","('Jambo Mgeni - Willkumme', 17)","('Am Ziil vome Traum', 18)","(""Wo steckt ächt d' Najma"", 19)","('Najma-Nashorn - Lied Reprise', 20)","(""S' Lied vo de Tier - Lied"", 21)"
"('En Superspannende Reiseplan', 1)","(""S' Lied vo de Windrose - Lied"", 2)","('Au Bäre händ gärn Cervelat', 3)","('De Globi lernt schnitze bim Hugo', 4)","('En unfreiwillige Schanze-Sprung', 5)","(""S' Schloss Neuschwanschtei ohni Schwan"", 6)","(""S' gaat wiiter mit S' Schloss Neuschwanschtei ohni Schwan"", 7)","('De Fürscht Globi vo Liechtesschtei', 8)","(""S' Alpe-Reiselied - Lied"", 9)","('Mit em Toni zoberscht uf em Gipfel', 10)","('Em Tschieri sin Brunne isch kaputt', 11)","(""S' gaat wiiter mit Em Tschieri sin Brunne isch kaputt"", 12)","('E Reise Gsellschaft als Förderband', 13)","(""Immer wider s' Chileli vo Wasse"", 14)","('De bös Wolf wird zum liebe Rolf', 15)","(""S' gaat wiiter mit De bös Wolf wird zum liebe Rolf"", 16)","('E schöni Wäterfrosch-Fählprognose', 17)","('Em Federico Rigatoni sini feine Ravioli', 18)","(""S' gaat wiiter mit Em Federico Rigatoni sini feine Ravioli"", 19)","('̈Ntli am Meer', 20)","(""S' Lied vo de Windrose - Lied Reprise"", 21)"
"('De Stubehocker', 1)","('E Turnhalle volle Spiilsache', 2)","(""S' gaat wiiter mit E Turnhalle volle Spiilsache"", 3)","('De guet Wille eilei langed nöd', 4)","('Sport isch gsund - Lied', 5)","('Es abverheits Interview', 6)","(""D' Löffel-Olympiade"", 7)","(""S' gaat wiiter mit D'Löffel-Olympiade"", 8)","('En Schuss hine use', 9)","('En Tennis-Mätsch-Tätsch', 10)","('Gschwind wie de Wind', 11)","('Eleige chunnt mer halb so wiit - Lied', 12)","('Globi als Schiedsrichter', 13)","('De Läbesretter', 14)","(""S' gaat wiiter mit De Läbesretter"", 15)","('Di verdient Anerchännig', 16)","('Sport isch gsund - Lied Reprise', 17)"
"('En prächtige Fang', 1)","('De Zauberring vom Ali', 2)","('Begägnig mit em Maiechäfer Mainrad Maier', 3)","(""S' gaat wiiter mit Begägnig mit em Maiechäfer Mainrad Maier"", 4)","('E super Idee vom Ritter Heugümper', 5)","('De Läbesretter Fridolin Frosch', 6)","('Audiänz bi de Ameisia de Zwoote vo Ameisianie', 7)","(""S' gaat wiiter mit Audiänz bi de Ameisia de Zwoote vo Ameisianie"", 8)","('De Hirschchäfer schimpft wie en Rohrspatz', 9)","('Im Zwärgeland', 10)","('Zwärgelied - Lied', 11)","('De Kommandant Ferdi Pferdli hilft', 12)","(""S' gaat wiiter mit De Kommandant Ferdi Pferdli hilft"", 13)","('E Begägnig mit zwei truurige Gselle', 14)","('Päch uf dr Entdeckigs-Tour', 15)","('Uf Bsuech bim Riis Goli', 16)","(""S' gaat wiiter mit Uf Bsuech bim Riis Goli"", 17)","('I de Höhli vo de Familie Zottelfass', 18)","(""D' Höhlemänsche leeret öppis Gschiids"", 19)","('De ABC-Rap vo de Hühlebewohner - Lied', 20)","(""S' gaat wiiter mit D' Höhlemänsche leeret öppis Gschiids"", 21)","('Em Globi sis Lied - Lied', 22)"
"(""D' Vorgschicht"", 1)","('En Unfall', 2)","('De Globi spändet Bluet', 3)","(""S' Rot Chrüz, de Globi macht sich kundig"", 4)","(""S' gaat wiiter mit S Rot Chrüz, de Globi macht sich kundig"", 5)","('De Globi gaht go Chleider chaufe', 6)","(""S' gaat wiiter mit De Globi gaht go Chleider chaufe"", 7)","('Zweimal Wiehnachte', 8)","('En unfreiwilligi Reis - Lied', 9)","('En unfreiwilligi Reis', 10)","(""S' Erdbebe i de Türkei"", 11)","(""S' Mitenand Lied - Lied"", 12)","('Kei Wasser in Afgahnischtan', 13)","(""S' gaat wiiter mit Kei Wasser in Afgahnischtan"", 14)","(""D' Mekonger Dorfmusikante"", 15)","('De Globi wird Babysitter', 16)","('En Überraschig', 17)","(""S' Flüügerlied - Lied"", 18)"
"('Im Museum für Meerestiere', 1)","('De Globi wott verreise', 2)","(""S' Reiselied - Lied"", 3)","(""D' Aakunft bim Onkel Willi"", 4)","(""S' gaat wiiter mit D' Aakunft bim Onkel Willi"", 5)","('Uf dä Suechi nach dä Rieseschmätterling', 6)","('Am Bootsränne gits en Unfall', 7)","(""S' Insellied - Lied"", 8)","('Uf Bsuech bi de Oma Hagen', 9)","('Schritt für Schritt Lied - Lied', 10)","('De Fass-Bewohner John Robinson', 11)","('De Globi hät e Glanzidee', 12)","('E gförlichi Unterseebotfahrt', 13)","(""D' Vulkaninsle - Und kei Schmätterling"", 14)","('Doch na e Rieseüberraschig', 15)","(""Im Heifluug über d' Vulkaninsle"", 16)","(""S' Reiselied - Lied Abspann"", 17)"
"('En Traum wird wahr & Ab uf Paris', 1)","('Reiselied - Lied', 2)","('Underwägs im Zug', 3)","('En erschti Begägnig', 4)","('Verusse pfuuse bim Jacques', 5)","('E tüüri Morgewösch', 6)","(""S' gaat wiiter mit E tüüri Morgewösch"", 7)","('Nöii Chleider', 8)","('De muetig Läbesretter Globi', 9)","('Mer sött Sprache chöne - Lied', 10)","('Gratis is Museum', 11)","('Im Cafe de la Paix', 12)","('Am Pfärderänne', 13)","(""S' gaat wiiter mit Am Pfärderänne"", 14)","('Im Flüüger', 15)","('En ganz en feine Znacht', 16)","('Bim fische mit em Marc', 17)","('Uf de Poscht & Wider diheime', 18)","('Reiselied - Lied Abspann', 19)"
"('Begägnig uf em Jahrmärt', 1)","(""De Globi zieht s' gross Los und chauft es Sägelschiff"", 2)","(""S' Seeräuberschiff"", 3)","(""D' Wasservögel als Retter"", 4)","(""Bim 'Grosse Bär'"", 5)","('Mit em Paddelboot uf em Fluss', 6)","('Bim Maharadscha Nerusaguri', 7)","(""S' Zauberschiff"", 8)","(""Landig z' Afrika"", 9)","('E Seeräuberschlacht', 10)","('De Globi bezieht e Schiffskabine', 11)","(""D' Frau vom Emir Bengasalin verlürt ihri Halschetti"", 12)","('Beim Meeresherrscher Neptun', 13)","('Seeräuber und gfangni Matrose', 14)","(""S' gaat wiiter mit Seeräuber und gfangni Matrose"", 15)","('Im Seeräuberpalascht', 16)","('Befreiig vo de Meerjumpfere Sibyll', 17)","(""D' Halschetti und d' Muschle"", 18)","('Schluss-Lied', 19)","(""S' Zoo-Lied"", 20)","('Tschau Globi! - Lied', 21)"
"('Globi und Squidney', 1)","('De Maestro wird us de Kapälle grüehrt', 2)","(""S' gaat wiiter mit De Maestro wird us de Kapälle grüehrt"", 3)","(""De Maestro und s' Schatteorcheschter"", 4)","('De Globi im Labor', 5)","('Bi de Lucinda und em Benji im Üebigsruum', 6)","('De Globi und de Squidney im Theater', 7)","('De Squidney passt uf', 8)","('De Benji verlüürt sin Schatte', 9)","('E mischteriösi Chranket?', 10)","('Uf em Polizeiposchte', 11)","('De Globi hät en Plan', 12)","(""S' Ei chunt weg"", 13)","('De Globi blibt starch!', 14)","('Zwei händ sich gfunde', 15)","(""S' Schlusskonzert - Lied"", 16)","('Räuber und Poli-Lied', 17)","(""S' Mitenand Lied - Lied"", 18)"
"('Bim Globi deheim', 1)","('Bim Hans deheim', 2)","('Werbe-Song 1 - Lied', 3)","('De Herr Gröbli häd es Problem', 4)","('E gföhrlichi Begägnig', 5)","('Im Gfängnis', 6)","('Werbe-Song 2 - Lied', 7)","('En spezielle Hundespaziergang', 8)","('Zwee tolli Uufträg vom Dir. Steiner', 9)","(""S' gaat wiiter mit Zwee tolli Uufträg vom Dir. Steiner"", 10)","('Es Büsi und Vögel füettere', 11)","(""De Sturm macht en Strich dur d' Rächnig"", 12)","('De Grunzli muess dra glaube', 13)","('Werbe-Song 3 - Lied', 14)","('Tschau Globi! - Lied', 15)"
"('De Pip schlüüfft us', 1)","(""S' gaat wiiter mit De Pip schlüüfft us"", 2)","('Bim Profässer Federkiel', 3)","('En Plasticsack voll Zierfisch', 4)","('E Chischte mit Tropevögel', 5)","(""S' gaat wiiter E Chischte mit Tropevögel"", 6)","(""D' Schildchrott Ismelda"", 7)","(""En Golfplatz isch z' verchaufe"", 8)","('Bsuech i me ne Tierpark', 9)","('Us em Golfplatz wird en Zoo', 10)","('De Zirkus Gämperli brännt', 11)","('De Gorilla Jimmy het Heiweh', 12)","('Us em Jimmy wird en Flugpassagier', 13)","('Affe als Öpfelpflücker', 14)","('De Elifant Jumbo tuet wie-n-e Sau', 15)","(""S' Chamäleon als Flügefänger"", 16)","('En gschpässige Bsuech', 17)","('De Gorilla Jimmy isch wieder da - Lied', 18)","(""S' Lied vo de Tier - Lied"", 19)","(""S' Zoo - Lied"", 20)"
"('Mit em Wanderlied dur de Märliwald', 1)","('De Pförtner vom Schlaraffeland', 2)","('De Globi fangt en Bankräuber', 3)","(""S' gaat wiiter mit De Globi fangt en Bankräuber"", 4)","('De Globi im Zirkus uf em höche Seil', 5)","(""S' gaat wiiter mit De Globi im Zirkus uf em höche Seil"", 6)","('De Globi uf de Tigerjagd (Tiger-Song) - Lied', 7)","(""S' gaat wiiter mit De Globi uf de Tigerjagd"", 8)","('Schloss Greenstone', 9)","('Es Pferderenne uf Schloss Greenstone', 10)","(""S' gaat wiiter mit Es Pferderenne uf Schloss Greenstone"", 11)","('Na mee vo Es Pferderenne uf Schloss Greenstone', 12)","('De Globi baut e Strass', 13)","('Bergstiige mit Absturz', 14)","('Globi take it easy', 15)","('Schlaraffe-Song 1 - Lied', 16)","('Vom Überfluss zum Überdruss', 17)","('Schlaraffe-Song 2 - Lied', 18)","(""D' Erde cha nur schöner werde - Lied"", 19)"
"('Holzbodenstep', 1)","('Puurebüebli', 2)","('D Füürwehr', 3)","('Geburtstags-Lied', 4)","('Wanderlied', 5)","(""Nur wenn's guet isch, dörf mer laufe"", 6)","(""Chinde, hüt nämed mer d'Isebahn"", 7)","('Mir fahred uf Madagaskar', 8)","('Ahoi', 9)","('Es rollt bi de Poscht', 10)","('Iiscreme isch e heissi Sach', 11)","('Bäsetanz', 12)","('Tü-Ta-Ta Poschtauto', 13)","('S Höölebewoner-Lied', 14)","('Ich wünsch allne en Guete, Im Hotel Globi isch Sänneball - Medley', 15)","('Hopp Schwiiz', 16)","(""S' isch lässig, Sportreporter z' si"", 17)","('Hollywood-Song', 18)","('Cowboy-Lied', 19)","('Isebahnfahre', 20)"
"('De Alfons het Geburtstag', 1)","(""S' Isebahn-Lied"", 2)","(""D' Bähnlerpfiffe und d' Hünd"", 3)","('Chlätterpartie uf em Güeterwage', 4)","('De Globi als Kondiktör', 5)","(""S' gaat wiiter mit De Globi als Kondiktör"", 6)","('De Globi fangt en Poschträuber', 7)","('De Globi reist uf em Puffer', 8)","(""S' Puffer-Lied"", 9)","('De Globi und de Zirkus-Elifant', 10)","('Gigampfi-Fahrt uf de Draisine', 11)","(""S' Draisine-Lied"", 12)","('De Globi uf de Dampfloki', 13)","('Wer isch zerscht im Tessin', 14)","('De Globi und di schwer Kofere', 15)","('Schoggi-Iis im Spiiswage', 16)","(""D' Zugs- Taufi"", 17)","(""S' Globiexpress-Lied"", 18)"
"('De Globi trifft de Panda im Zoo', 1)","(""S' gaat wiiter mit De Globi trifft de Panda im Zoo"", 2)","('De Globi und de Panda fahred stromabwärts as Meer', 3)","('Ahoi - Lied', 4)","(""De sinkendi Öltanker und d' Wasservögel"", 5)","(""S' gaat wiiter mit De sinkendi Öltanker und d' Wasservögel"", 6)","('Im Schlepptau vo me ne Wal', 7)","(""Landig z' Weschtafrika"", 8)","('De Tierfänger im eigene Chefi', 9)","(""S' gaat wiiter mit De Tierfänger im eigene Chefi"", 10)","('Na mee vo De Tierfänger im eigene Chefi', 11)","('Gfesslet im Urwald am Amazonas', 12)","(""Sturm lis und Pinguin z' Südamerika"", 13)","('De Globi befreit en Delphin und e Schildchrot', 14)","('Ahoi - Lied Reprise', 15)","('Im Tandem dur China', 16)","('Tandem Lied - Lied', 17)","(""S' gaat wiiter mit Im Tandem dur China"", 18)"
"('De Hans i de Gletscherspalte', 1)","(""S' gaat wiiter mit De Hans i de Gletscherspalte"", 2)","('Na mee vo De Hans i de Gletscherspalte', 3)","('De Globi üebt sich als Samariter', 4)","('De Globi Rettet de Fischer Ramseier', 5)","(""S' gaat wiiter mit De Globi Rettet de Fischer Ramseier"", 6)","('De Globi wird Flughälfer', 7)","('Steischlag i de Berge', 8)","('De Globi im Adlerhorscht', 9)","(""S' gaat wiiter mit De Globi im Adlerhorscht"", 10)","('De Globi und de Lawinehund Bello', 11)","('Wiehnacht im Schnee', 12)","('Spital-Song - Lied', 13)","(""S' Flüügerlied - Lied"", 14)","(""S' Mitenand Lied - Lied"", 15)"
"('Sali zäme', 1)","('Hollywood-Song 1 - Lied', 2)","('En Kinobsuech mit Folge', 3)","('Theaterprob uf em Estrich obe', 4)","('De Schauspiler-Wettbewerb', 5)","(""S' gaat wiiter mit De Schauspiler-Wettbewerb"", 6)","('Im Cabriolet dur Hollywood', 7)","('Hollywood-Song 2 - Lied', 8)","('Uf de Wildwescht-Strass', 9)","('Achtung Aufnahme', 10)","(""S' gaat wiiter mit Achtung Aufnahme"", 11)","('De Globi und sin Stuntman', 12)","('En Poschtkutsche-Überfall im Filmstudio', 13)","('Cowboy-Lied 1', 14)","('De Filmproduzent und sis vertätscht Auto', 15)","('De Globi als Unghür imene Gruselfilm', 16)","('De Globi wird Filmstar', 17)","('Cowboy-Lied 2', 18)","('De Globi günnt de Golden Globe', 19)","('Hollywood-Song 3 - Lied', 20)"
"('Sali mitenand', 1)","('Bim Zmittag', 2)","(""D' Fahrt uf Basel"", 3)","('Zeerscht dur de Schwiizer Zoll', 4)","('Und dänn dur de Düütsch', 5)","('Aakunft im Europa-Park: Und scho die erschte Probleem', 6)","('Was isch au mit em Charly los', 7)","('De Clown Peppino redt plötzli hinderschi', 8)","(""S' gaat wiiter mit De Clown Peppino redt plötzli hinderschi"", 9)","('Europa-Park-Lied - Lied Reprise', 10)","('De gheimnisvoll Matterhorn-Felse', 11)","('Uf Raabe-Jagd', 12)","('I de spanische Arena', 13)","(""D' Begägnig mit em Geischterfräulein Gisela"", 14)","('De Matterhorn-Geischt isch gschuld an allem', 15)","(""S' gaat wiiter mit De Matterhorn-Geischt isch gschuld an allem"", 16)","(""Heizue: Zrugg i d' Schwiiz"", 17)","('Europa-Park-Lied', 18)","('Es gwundrigs ändi', 19)","(""Chinde hüt nämed mer d' Isebah - Lied"", 20)"
"(""S' usverchaufti Stadion"", 1)","('De Globi verchleidet sich als Sportreporter', 2)","(""S' isch lässig Sportreporter z' si - Lied"", 3)","(""S' gaat wiiter mit S' isch lässig Sportreporter z' si"", 4)","('Reporter si das isch en Chrampf - Lied', 5)","(""S' erscht Interview"", 6)","(""S' gaat wiiter mit S' erscht Interview"", 7)","('E vercheerti Fuessball-Reportage', 8)","(""S' Mikrofon als Tennisball"", 9)","(""S' gaat wiiter mit S' Mikrofon als Tennisball"", 10)","('Uf de Suechi nach em Stadion', 11)","(""S' gaat wiiter mit Uf de Suechi nach em Stadion"", 12)","('De chuderwelsch Ländermatch', 13)","('Mit Rollerblades as Velorenne', 14)","('De Puck im Schnabel', 15)","('Mit em Snowboard uf de Bobbahn', 16)","('De Globi het Bsuech', 17)","('Wenn s drum gaht Sportreporter z si - Lied', 18)"
"('De Globi bewirbt sich', 1)","('Hotelbesichtigung', 2)","('Grossbetrieb uf em Flohmärt', 3)","('Alles für de Hund', 4)","('De Globi chauft i', 5)","('Bi Räge im Indianerzält', 6)","(""D' Chind hälfet i de Hotelchuchi"", 7)","('En guete mitenand - Lied', 8)","('Mit em Hund is Bett', 9)","(""S' gaat wiiter mit Mit em Hund is Bett"", 10)","(""D' Rucksack-Familie"", 11)","('De Staubsuger als Wasserpumpi', 12)","('De Schwingerkönig Balthasar griift i', 13)","(""Us em Hotel Bögli wird's Hotel Globi"", 14)","('Säneball im Hotel Globi', 15)","('Säneball-Lied', 16)","('Ich wünsche allne en guete, Im Hotel Globi isch Säneball - Lied Medley', 17)"
"('De Globi als Velokurier', 1)","('De Globi als Sportreporter', 2)","(""S' gaat wiiter mit De Globi als Sportreporter"", 3)","('De Globi als Kamerama', 4)","('De Globi im Helikopter', 5)","(""S' gaat wiiter mit De Globi im Helikopter"", 6)","('Tessiner Bummelwalzer', 7)","('Em Globi sin Fründ git uf', 8)","('De Globi wird Velorennfahrer', 9)","('Tour-De-Suisse-Rap - Lied', 10)","('De Globi und de Gleitschirm', 11)","(""S' gaat wiiter mit De Globi und de Gleitschirm"", 12)","('Problem mit em Sattel', 13)","(""S' Velo-Sägel"", 14)","(""D' Banane und de Massesturz"", 15)","('De Globi am Ziel', 16)","('Schluss-Song - Lied', 17)","('Hopp Schwiiz - Lied', 18)"
"('Güggerüggü', 1)","('De Globi isch gwäsche', 2)","('De Glöbeli chunnt', 3)","(""S' isch wieder Morge"", 4)","('De Früelig isch da', 5)","('De Gugger uf em Tanneascht', 6)","('Zoberscht uf em Tannebaum', 7)","('Es chömed sibe Häsli', 8)","('En Has gaht go spaziere', 9)","('Alli Blüemli sind jetzt wach', 10)","('Ich han es luschtigs Büseli', 11)","('Mis chätzli fangt e Mus', 12)","('Hündli, Hündli, bell e mal', 13)","('Alli Hündli bissed', 14)","('Es chunnt en chline Tiggel-Taggel', 15)","('Tipsi, tapsi, tops', 16)","('Es isch emal en Ma gsi', 17)","(""S' chrücht es Schnäggli"", 18)","('Ja, feuf Säuli', 19)","('Es isch emal en Ma', 20)","('Null und eis isch eis', 21)","('De Globi macht e Reis', 22)","('Ich han es chlises Schiffli', 23)","('Uf em See', 24)","('De Globi macht en guete fang', 25)","('De Globi sitzt am Tisch', 26)","('Spinat han ich nüd gern', 27)","('Müllerli, Drüllerli', 28)","('De Müller', 29)","('Wänn ich trurig bin', 30)","('Wie mahlet de Müller', 31)","('Ribedi-Räbedi-Bum', 32)","('De Globi chunt', 33)","('Mir Musikante chömed', 34)","(""Mir singed s' Lied vom Trullalla"", 35)","('Figgerli, fäggerli, Ronimus', 36)","('Züri isch e schöni Stadt', 37)","('De Globi hät Geburtstag', 38)","('Hoppe, hoppe, hopperli - Hei', 39)","('Ich bin en schöne Königssohn', 40)","(""De Globi, dä chunt z' rite"", 41)","('Jetzt chunt de Herbscht', 42)","('Räbeliechtli', 43)","('Sige, sage, rumpumpum', 44)","('Min Vater isch en Jäger', 45)","('Wänn ich am Morge früe ufstah', 46)","(""Lueg use, wie s' hudlet"", 47)","(""Es nachtet scho, und s' schneielet"", 48)","(""Es schneit, dass s' Fetze git"", 49)","('Ich hett so gern en Tirggel', 50)"
"('De Pöschtler Schmid im Spital', 1)","(""S' gaat wiiter mit De Pöschtler Schmid im Spital"", 2)","('Na mee vo De Pöschtler Schmid im Spital', 3)","('De Globi suecht e Strass', 4)","('Poscht verträge mit In-Line Skates', 5)","(""S' Expresspäckli und de bissig Fido"", 6)","(""S' gaat wiiter mit S' Expresspäckli und de bissig Fido"", 7)","('De gsungeni Geburtstags-Fax', 8)","('De Globi im Zirkus', 9)","(""S' gaat wiiter mit De Globi im Zirkus"", 10)","('E gschpässigs Päckli', 11)","('De Globi als Poschtautofahrer - Lied', 12)","(""Mit eme Flugpaket dur d' Luft"", 13)","(""S' gaat wiiter mit Mit eme Flugpaket dur d' Luft"", 14)","('Wiehnachtsposcht', 15)","(""S' gaat wiiter mit Wiehnachtsposcht"", 16)","('Es rollt bi de Poscht - Lied', 17)","(""D' Erde cha nur schöner werde - Lied"", 18)"
"('Im Museum', 1)","('De Raubtiersaurier Friss-Frass', 2)","(""D' Höölebewoner-Familie Spaltestei"", 3)","(""S' Höölebewoner-Lied"", 4)","('Ritt uf em Brontosaurier Bronti', 5)","(""S' gaat wiiter mit Ritt uf em Brontosaurier Bronti"", 6)","(""S' Riiter-Lied"", 7)","(""De Globi Bringt s' Füür id Hööli"", 8)","(""S' Lied am Füür - Lied"", 9)","('Bad am Kratersee', 10)","(""S' gaat wiiter mit Bad am Kratersee"", 11)","('Bim Säbelzahtiger', 12)","(""S' Mammut als Lift"", 13)","('De Bumerang', 14)","('Erdbebe und Vulkanusbruch', 15)","(""D' Höölebewoner werdet Pfaalbauer"", 16)","(""S' Pfaalbauer-Lied"", 17)"
"('Räuber plündered es Purehuus', 1)","(""S' gaat wiiter mit Räuber plündered es Purehuus"", 2)","('̈Berfall uf de Prinz Waldemar', 3)","(""S' gaat wiiter mit Überfall uf de Prinz Waldemar"", 4)","(""S' Wundertrünkli vom Chrüter-Elsi"", 5)","('Im Wasserschloss vom Herzog Neidhart', 6)","(""S' gaat wiiter mit Im Wasserschloss vom Herzog Neidhart"", 7)","(""Es Fäschtässe im 'Bäre'"", 8)","('Uf de Burg vom Raubritter Kuno', 9)","(""S' gaat wiiter mit Uf de Burg vom Raubritter Kuno"", 10)","('Im Burgverlies', 11)","(""S' gaat wiiter mit Im Burgverlies"", 12)","(""D' Rüschtig vom Ritter Adalbert"", 13)","(""D' Raubritter und s' Wäschpinäscht"", 14)","('Empfang bim König Dagobert und de Prinzessin Kunigund', 15)","('Em Globi sis Lied - Lied', 16)","('Räuber und Poli - Lied', 17)","(""S' Chlinscht isch plötzli riisegross - Lied"", 18)"
"('De Globi gwünnt en Troschtpriis', 1)","(""S' gaat wiiter mit De Globi gwünnt en Troschtpriis"", 2)","('Am Bahnschalter', 3)","('Uf em Schtumpegleis', 4)","('Fründschaft im Zug', 5)","('Im Bundeshuus und am Bäregrabe', 6)","(""S' gaat wiiter mit Im Bundeshuus und am Bäregrabe"", 7)","('Na mee vo Im Bundeshuus und am Bäregrabe', 8)","(""Grossi Wösch z' Lugano"", 9)","('De Hund uf de Sässelbahn', 10)","(""En Stadtbummel z' Basel"", 11)","('Alpechäs im Bündnerland', 12)","('De Polizischt a de Bahnhofstrass', 13)","(""Uf em Springbrunne z' Genf"", 14)","(""S' gaat wiiter mit Uf em Springbrunne z' Genf"", 15)","('Tü-Ta-Ta Poschtauto - Lied', 16)","(""S' Alpe-Reiselied - Lied"", 17)","('Isebahnfahre - Lied', 18)"
"('Es gheimnisvolls Ei', 1)","(""S' gaat wiiter mit Es gheimnisvolls Ei"", 2)","('Flug über de Urwald', 3)","(""S' gaat wiiter mit Flug über de Urwald"", 4)","('De Fallschirm als Sprungtuech', 5)","(""S' gaat wiiter mit De Fallschirm als Sprungtuech"", 6)","('Mir gönd dur Madagaskar - Lied', 7)","('E Überraschig i de Hauptstadt', 8)","('Fahrt mit em Ochsechare', 9)","('Bi de fleischfrässende Pflanze', 10)","(""S' Chamäleon seit grüezi"", 11)","('Im Riich vom Madagaskar-Vogel', 12)","(""S' gaat wiiter mit Im Riich vom Madagaskar-Vogel"", 13)","('Na mee vo Im Riich vom Madagaskar-Vogel', 14)","('Wider glücklich deheime', 15)","(""S' gaat wiiter mit Wider glücklich deheime"", 16)","('Mir fahred uf Madagaskar - Lied', 17)","(""S' Flüügerlied - Lied"", 18)"
"('Ich, De Globi', 1)","('Iiscreme isch e heissi Sach', 2)","('Wanderlied', 3)","('Isebahn-Rap', 4)","('Cowboy-Song', 5)","('Tätü-Täta', 6)","('De Globi macht Musig', 7)","('Bäsetanz', 8)","('Buure-Polka', 9)","('Seemaa ahoi!', 10)","('Geburi, Geburi, Geburtstag', 11)","('Im Verchehr', 12)","('Wär ich en Sunnestrahl', 13)"
"(""De Fritz rännt über d' Strass"", 1)","(""S' gaat wiiter mit De Fritz rännt über d' Strass"", 2)","(""Na mee vo De Fritz rännt über d' Strass"", 3)","('Im Spital', 4)","('Verkehrs-Song 1 - Lied', 5)","('De Globi wott hälfe', 6)","('De Globi macht e Prüefig', 7)","('De Globi git es Inserat uf', 8)","('De Globi als Verchehrserzieher', 9)","(""S' gaat wiiter mit De Globi als Verchehrserzieher"", 10)","(""D' Frau Schneebeli und de Fuessgängerteppich"", 11)","('De Stressing-Johnny taucht uf', 12)","('De Globi baut e Chinderstrass', 13)","('Verkehrs-Song 2 - Lied', 14)","('Räuber und Poli - Lied', 15)"
"('De Globi Verreist', 1)","(""S' gaat wiiter mit De Globi Verreist"", 2)","('De Globi wird Parkwächter', 3)","('De Globi bi de Murmeltier', 4)","(""S' gaat wiiter mit De Globi bi de Murmeltier"", 5)","('De Globi bi de Steiböck und Gemsli', 6)","('De Globi und di verboteni Füürstell', 7)","('De Globi und de Gleitschirm-Flüger', 8)","(""S' gaat wiiter mit De Globi und de Gleitschirm-Flüger"", 9)","('De Globi und de Waldbrand', 10)","(""S' gaat wiiter mit De Globi und de Waldbrand"", 11)","('De Globi und de Parksünder Stressing-Johnny', 12)","('De Globi im Adlerhorscht', 13)","('De Globi i Läbesgfahr', 14)","('Wanderlied - Lied', 15)","('Hopp Schwiiz - Lied', 16)","('Iiscreme isch e heissi Sach - Lied', 17)"
"('De Globi bim Fische', 1)","('Brand i de Konditorei Tanner', 2)","('Di erscht Führwehrüebig', 3)","(""S' gaat wiiter mit Di erscht Führwehrüebig"", 4)","('De Globi rettet es Büsi und en Hund', 5)","(""S' gaat wiiter mit De Globi rettet es Büsi und en Hund"", 6)","('De Globi löscht en Brand', 7)","('Mit em Führwehrschluch im Garte', 8)","(""S' gaat wiiter Mit em Führwehrschluch im Garte"", 9)","('Wasserschade', 10)","(""D' Führwehr hilft inere Entefamilie"", 11)","(""S' gaat wiiter mit D' Führwehr hilft inere Entefamilie"", 12)","('En Ibrächer i de Leihkassebank', 13)","('De Globi am Führwehrfäscht', 14)","(""S' Führwehrlied - Lied"", 15)","('Puurebüebli - Lied', 16)","('Bäsetanz - Lied', 17)"
"('Puurebüebli - Lied', 1)","(""De Nachbar vom 'Chnollehof'"", 2)","(""D' Anna und de Sepp hälfet puure"", 3)","('Uf em Vehmärt', 4)","('De Globi als Mälcher', 5)","('Ufregig uf de Weid', 6)","(""S' gaat wiiter mit Ufregig uf de Weid"", 7)","('Puurebüebli - Lied Reprise', 8)","('Glück im Stall', 9)","(""S' gaat wiiter mit Glück im Stall"", 10)","('Heue bim Gwitter', 11)","('De Globi und de Wätterfrosch', 12)","('Chuehandel mit eme Chälbli', 13)","(""S' gaat wiiter mit Chuehandel mit eme Chälbli"", 14)","('Na mee vo Chuehandel mit eme Chälbli', 15)","(""S' Läbe uf de Alp - Lied"", 16)"
"('De Globi verschickt Iiladige', 1)","(""S' gaat wiiter mit De Globi verschickt Iiladige"", 2)","('Na mee vo De Globi verschickt Iiladige', 3)","('De Globi verwütscht en Täschedieb', 4)","('Bim Gorilla im Zoo', 5)","('De Globi planget uf de Geburtstag', 6)","(""S' Sparsäuli und de Flohmärt"", 7)","('Wer wett wege dem au truurig sii - Lied', 8)","('De Globi macht Chueche', 9)","(""S' gaat wiiter mit De Globi macht Chueche"", 10)","('De Bello und de Malermeister Tüpfli', 11)","(""D' Stube voll Chind"", 12)","('Geburtstagsüberraschige', 13)","(""S' gaat wiiter mit Geburtstagsüberraschige"", 14)","('Na mee vo Geburtstagsüberraschige', 15)","('Wer wett wege dem au truurig sii - Lied Reprise', 16)","(""S' Mitenand Lied - Lied"", 17)"
"('De Globi und de Hans gsehnd es Ufo lande', 1)","(""S' gaat wiiter mit De Globi und de Hans gsehnd es Ufo lande"", 2)","('De Herr Schneck stiigt us', 3)","('De Globi startet in Wältruum', 4)","(""S' gaat wiiter mit De Globi startet in Wältruum"", 5)","('Na mee vo De Globi startet in Wältruum', 6)","('Landig uf em Planetoid Schnix-Öpsilon-Zeta', 7)","('Abentür uf de Riesewise', 8)","(""S' gaat wiiter mit Abentuer uf de Riesewise"", 9)","('De Globi im Spinnenetz', 10)","(""S' gaat wiiter mit De Globi im Spinnenetz"", 11)","('Bim Profässer Gastropodus im Museum', 12)","('Kampf mit em Chäfer und Heilflug dur de Wältruum', 13)","('Reiselied - Lied', 14)","(""S' Flüügerlied - Lied"", 15)","(""S' Chliinscht isch plötzli riisegross - Lied"", 16)"
"('De Globi bi de Familie Tell diheim', 1)","(""S' gaat wiiter mit De Globi bi de Familie Tell diheim"", 2)","('Na mee vo De Globi bi de Familie Tell diheim', 3)","('De Tell rettet de Globi bi Zwinguri', 4)","(""S' gaat wiiter mit De Tell rettet de Globi bi Zwinguri"", 5)","('De Globi macht en Holzbodetanz', 6)","(""De Apfelschuss z' Altdorf"", 7)","(""S' gaat wiiter mit De Apfelschuss z' Altdorf"", 8)","('Föhnsturm uf em Urnersee', 9)","(""S' gaat wiiter mit Föhnsturm uf em Urnersee"", 10)","('De Globi rettet de Tell bi de Tellsplatte', 11)","(""S' gaat wiiter mit De Globi rettet de Tell bi de Tellsplatte"", 12)","('I de Hohle Gass', 13)","(""De Globi und de Tell befreiet s' Land"", 14)","(""S' gaat wiiter mit De Globi und de Tell befreiet s' Land"", 15)","('Hopp Schwiiz - Lied', 16)","('Puurebüebli - Lied', 17)","('Wanderlied - Lied', 18)"
"(""De Globi und s' Lisi uf de Flucht"", 1)","(""S' gaat wiiter mit De Globi und s' Lisi uf de Flucht"", 2)","('De Fluss durab as Meer', 3)","(""S' gaat wiiter mit De Fluss durab as Meer"", 4)","(""Bim Kapitän Watermann uf sim Zweimaschter 'Brausewind'"", 5)","('De Globi wird Matros', 6)","(""Kampf gäge d' Seeräuber"", 7)","(""S' gaat wiiter mit Kampf gäge d' Seeräuber"", 8)","(""Na mee vo Kampf gäge d' Seeräuber"", 9)","('De Tintefisch Oktopus', 10)","(""S' gaat wiiter mit De Tintefisch Oktopus"", 11)","('Uf de Eierinsle', 12)","(""S' gaat wiiter mit Uf de Eierinsle"", 13)","('Vom Wal verschluckt', 14)","('Mit em Pingo am Südpol', 15)","('Heifahrt im Sturm', 16)","(""S' gaat wiiter mit Heifahrt im Sturm"", 17)","('Mir fahred uf Madagaskar', 18)","('Reiselied - Lied', 19)","(""S' Lied vo de Windrose - Lied"", 20)"
"('Im Kasperlitheater', 1)","('Dr Polizist verhaftet de Lätz', 2)","(""S' gaat wiiter mit Dr Polizist verhaftet de Lätz"", 3)","('Dr Globi und dä Kasper i de Spiis-Chammer vom König', 4)","(""S' gaat wiiter mit Dr Globi und dä Kasper i de Spiis-Chammer vom König"", 5)","(""S' Festesse im Königssaal"", 6)","(""S' gaat wiiter mit S' Festesse im Königssaal"", 7)","(""Na mee vo S' Festesse im Königssaal"", 8)","('I de Drachehöhli', 9)","(""S' gaat wiiter mit I de Drachehöhli"", 10)","('Affentheater mit Fix und Fax', 11)","(""S' Krokodil verschluckt dä Kasper"", 12)","(""S' gaat wiiter mit S' Krokodil verschluckt dä Kasper"", 13)","('Dä truurig Räuber Schniff-Chlau', 14)","('Hopp Schwiiz - Lied', 15)","('Eleige chunnt mer halb so wiit - Lied', 16)","(""S' chlinscht isch plötzli riisegross - Lied"", 17)"
"('Mit em Drümaschter uf Amerika', 1)","(""S' gaat wiiter mit Mit em Drümaschter uf Amerika"", 2)","('Verfolgig im Wildwescht-Express', 3)","('De Bär Petz und de Fallesteller Tripp-Trapp', 4)","(""S' gaat wiiter mit De Bär Petz und de Fallesteller Tripp-Trapp"", 5)","('Mit de Poschtkutsche uf Gun-City', 6)","(""S' gaat wiiter mit Mit de Poschtkutsche uf Gun-City"", 7)","('De Sheriff Silberstern und de Bankräuber Langfinger', 8)","(""S' gaat wiiter mit De Sheriff Silberstern und de Bankräuber Langfinger"", 9)","('Kampf im Western - Saloon', 10)","(""S' gaat wiiter mit Kampf im Western - Saloon"", 11)","('Mit de Familie Häckelspreu na tüüfer in Wilde Weschte', 12)","(""S' gaat wiiter mit Mit de Familie Häckelspreu na tüüfer in Wilde Weschte"", 13)","('Bi de Indianer', 14)","(""S' gaat wiiter mit Bi de Indianer"", 15)","('Cowboy-Lied', 16)","('Räuber und Poli-Lied', 17)","(""S' Tanzlied - Lied"", 18)"
"(""De Globi wett uf d' Schatzinsle - Teil 1"", 1)","(""De Globi wett uf d' Schatzinsle - Teil 2"", 2)","(""De Globi wett uf d' Schatzinsle - Teil 3"", 3)","(""De Globi wett uf d' Schatzinsle - Teil 4"", 4)","(""De Globi wett uf d' Schatzinsle - Teil 5"", 5)","(""De Globi wett uf d' Schatzinsle - Teil 6"", 6)","(""De Globi wett uf d' Schatzinsle - Teil 7"", 7)","(""De Globi wett uf d' Schatzinsle - Teil 8"", 8)","('De Globi im Urwald - Teil 1', 9)","('De Globi im Urwald - Teil 2', 10)","('De Globi im Urwald - Teil 3', 11)","('De Globi im Urwald - Teil 4', 12)","('De Globi im Urwald - Teil 5', 13)","('De Globi im Urwald - Teil 6', 14)","('De Globi im Urwald - Teil 7', 15)","('De Globi im Urwald - Teil 8', 16)"
